Step,Energy
0,-593.552401018
1,-593.554151048
2,-593.554197585
3,-593.554209448
4,-593.554210459
5,-593.554210459
6,-593.554210459