Step,Energy
0,-354.487660702
1,-354.492049796
2,-354.492241202
3,-354.492255126
4,-354.492255126
5,-354.492255126